{"cameraMode":{"drawMode":0,"name":"Shaded","section":"Shading Mode"},"sceneLighting":false,"audioPlay":false,"sceneViewState":{"m_AlwaysRefresh":false,"showFog":true,"showSkybox":false,"showFlares":false,"showImageEffects":true,"showParticleSystems":true,"showVisualEffectGraphs":true,"m_FxEnabled":true},"in2DMode":false,"pivot":{"x":-46.99394989013672,"y":75.82398986816406,"z":59.852928161621097},"rotation":{"x":0.29672861099243166,"y":0.03723170980811119,"z":-0.011575140058994294,"w":0.9541701674461365},"size":33.61369705200195,"orthographic":false}