{"cameraMode":{"drawMode":0,"name":"Shaded","section":"Shading Mode"},"sceneLighting":false,"audioPlay":false,"sceneViewState":{"m_AlwaysRefresh":false,"showFog":true,"showSkybox":false,"showFlares":true,"showImageEffects":true,"showParticleSystems":true,"showVisualEffectGraphs":true,"m_FxEnabled":true},"in2DMode":false,"pivot":{"x":1.4492888450622559,"y":-0.27764034271240237,"z":-0.21949392557144166},"rotation":{"x":0.09228961914777756,"y":0.7630977034568787,"z":-0.11182090640068054,"w":0.629812479019165},"size":2.087028980255127,"orthographic":false}