{"cameraMode":{"drawMode":0,"name":"Shaded","section":"Shading Mode"},"sceneLighting":true,"audioPlay":false,"sceneViewState":{"m_AlwaysRefresh":false,"showFog":true,"showSkybox":false,"showFlares":true,"showImageEffects":true,"showParticleSystems":true,"showVisualEffectGraphs":true,"m_FxEnabled":true},"in2DMode":false,"pivot":{"x":-0.1259763389825821,"y":2.7312660217285158,"z":-3.4222803115844728},"rotation":{"x":0.592289924621582,"y":0.001208605943247676,"z":-0.0008884273702278733,"w":0.8057248592376709},"size":20.26521110534668,"orthographic":false}