{"cameraMode":{"drawMode":0,"name":"Shaded","section":"Shading Mode"},"sceneLighting":false,"audioPlay":false,"sceneViewState":{"m_AlwaysRefresh":false,"showFog":true,"showSkybox":false,"showFlares":true,"showImageEffects":true,"showParticleSystems":true,"showVisualEffectGraphs":true,"m_FxEnabled":true},"in2DMode":false,"pivot":{"x":1.1561416387557984,"y":-0.5642774701118469,"z":0.3537534475326538},"rotation":{"x":0.16352659463882447,"y":0.6065787076950073,"z":-0.12928719818592072,"w":0.767211377620697},"size":1.4660282135009766,"orthographic":false}