{"cameraMode":{"drawMode":0,"name":"Shaded","section":"Shading Mode"},"sceneLighting":false,"audioPlay":false,"sceneViewState":{"m_AlwaysRefresh":false,"showFog":true,"showSkybox":false,"showFlares":false,"showImageEffects":true,"showParticleSystems":true,"showVisualEffectGraphs":true,"m_FxEnabled":true},"in2DMode":false,"pivot":{"x":-14.098697662353516,"y":0.3733838200569153,"z":-3.1843771934509279},"rotation":{"x":-0.3384837508201599,"y":-0.33939164876937868,"z":0.13249391317367555,"w":-0.8676117658615112},"size":0.6912351846694946,"orthographic":false}