{"cameraMode":{"drawMode":0,"name":"Shaded","section":"Shading Mode"},"sceneLighting":false,"audioPlay":false,"sceneViewState":{"m_AlwaysRefresh":false,"showFog":true,"showSkybox":false,"showFlares":true,"showImageEffects":true,"showParticleSystems":true,"showVisualEffectGraphs":true,"m_FxEnabled":true},"in2DMode":false,"pivot":{"x":-65.19146728515625,"y":-21.90383529663086,"z":-65.66461181640625},"rotation":{"x":0.17148320376873017,"y":-0.042840808629989627,"z":0.007464196998625994,"w":0.9842265844345093},"size":3.0422134399414064,"orthographic":false}