{"cameraMode":{"drawMode":0,"name":"Shaded","section":"Shading Mode"},"sceneLighting":false,"audioPlay":false,"sceneViewState":{"m_AlwaysRefresh":false,"showFog":true,"showSkybox":false,"showFlares":true,"showImageEffects":true,"showParticleSystems":true,"showVisualEffectGraphs":true,"m_FxEnabled":true},"in2DMode":false,"pivot":{"x":-2.5997729301452638,"y":6.330592155456543,"z":2.7899999618530275},"rotation":{"x":0.006738297641277313,"y":0.9713119268417358,"z":-0.23615214228630067,"w":0.02768844924867153},"size":2.1267788410186769,"orthographic":false}