{"cameraMode":{"drawMode":0,"name":"Shaded","section":"Shading Mode"},"sceneLighting":true,"audioPlay":false,"sceneViewState":{"m_AlwaysRefresh":false,"showFog":true,"showSkybox":false,"showFlares":false,"showImageEffects":true,"showParticleSystems":true,"showVisualEffectGraphs":true,"m_FxEnabled":true},"in2DMode":false,"pivot":{"x":-35.23933792114258,"y":6.1435112953186039,"z":-39.754112243652347},"rotation":{"x":0.023488426581025125,"y":0.9167764782905579,"z":-0.05451911315321922,"w":0.39497295022010805},"size":1.698998212814331,"orthographic":false}