{"cameraMode":{"drawMode":0,"name":"Shaded","section":"Shading Mode"},"sceneLighting":true,"audioPlay":false,"sceneViewState":{"m_AlwaysRefresh":false,"showFog":true,"showSkybox":true,"showFlares":true,"showImageEffects":true,"showParticleSystems":true,"showVisualEffectGraphs":true,"m_FxEnabled":true},"in2DMode":false,"pivot":{"x":-52.67391586303711,"y":-7.332892417907715,"z":-5.6933698654174809},"rotation":{"x":0.22018614411354066,"y":0.009047221392393113,"z":-0.0021366579458117487,"w":0.97547847032547},"size":12.913692474365235,"orthographic":false}