{"cameraMode":{"drawMode":0,"name":"Shaded","section":"Shading Mode"},"sceneLighting":true,"audioPlay":false,"sceneViewState":{"m_AlwaysRefresh":false,"showFog":true,"showSkybox":true,"showFlares":true,"showImageEffects":true,"showParticleSystems":true,"showVisualEffectGraphs":true,"m_FxEnabled":true},"in2DMode":false,"pivot":{"x":-0.16792798042297364,"y":5.059587001800537,"z":0.7619552612304688},"rotation":{"x":-0.23662737011909486,"y":-0.09253596514463425,"z":0.022636564448475839,"w":-0.9669390320777893},"size":6.249589443206787,"orthographic":false}