{"cameraMode":{"drawMode":0,"name":"Shaded","section":"Shading Mode"},"sceneLighting":true,"audioPlay":false,"sceneViewState":{"m_AlwaysRefresh":false,"showFog":true,"showSkybox":true,"showFlares":false,"showImageEffects":true,"showParticleSystems":true,"showVisualEffectGraphs":true,"m_FxEnabled":true},"in2DMode":false,"pivot":{"x":665.3285522460938,"y":348.2744140625,"z":-194.2630615234375},"rotation":{"x":-0.02249790169298649,"y":0.002407390857115388,"z":-0.00005232393596088514,"w":-0.9997459650039673},"size":264.60430908203127,"orthographic":false}