{"cameraMode":{"drawMode":0,"name":"Shaded","section":"Shading Mode"},"sceneLighting":true,"audioPlay":false,"sceneViewState":{"m_AlwaysRefresh":false,"showFog":true,"showSkybox":true,"showFlares":true,"showImageEffects":true,"showParticleSystems":true,"showVisualEffectGraphs":true,"m_FxEnabled":true},"in2DMode":false,"pivot":{"x":-10.219371795654297,"y":3.219353675842285,"z":-3.2775959968566896},"rotation":{"x":0.3924521505832672,"y":-0.030056867748498918,"z":0.012838412076234818,"w":0.9192506074905396},"size":30.126474380493165,"orthographic":false}