{"cameraMode":{"drawMode":0,"name":"Shaded","section":"Shading Mode"},"sceneLighting":true,"audioPlay":false,"sceneViewState":{"m_AlwaysRefresh":false,"showFog":true,"showSkybox":true,"showFlares":false,"showImageEffects":true,"showParticleSystems":true,"showVisualEffectGraphs":true,"m_FxEnabled":true},"in2DMode":false,"pivot":{"x":-59.293296813964847,"y":-30.38092613220215,"z":-68.24760437011719},"rotation":{"x":-0.001195252756588161,"y":-0.8645762205123901,"z":0.5025132894515991,"w":-0.0020685377530753614},"size":32.292476654052737,"orthographic":false}