{"cameraMode":{"drawMode":0,"name":"Shaded","section":"Shading Mode"},"sceneLighting":true,"audioPlay":false,"sceneViewState":{"m_AlwaysRefresh":false,"showFog":true,"showSkybox":true,"showFlares":true,"showImageEffects":true,"showParticleSystems":true,"showVisualEffectGraphs":true,"m_FxEnabled":true},"in2DMode":false,"pivot":{"x":1893.981201171875,"y":1160.6434326171875,"z":810.470947265625},"rotation":{"x":-0.013500180095434189,"y":0.00509129511192441,"z":-0.0000783717623562552,"w":-0.9999121427536011},"size":2017.0364990234375,"orthographic":false}