{"cameraMode":{"drawMode":0,"name":"Shaded","section":"Shading Mode"},"sceneLighting":true,"audioPlay":false,"sceneViewState":{"m_AlwaysRefresh":false,"showFog":true,"showSkybox":true,"showFlares":true,"showImageEffects":true,"showParticleSystems":true,"showVisualEffectGraphs":true,"m_FxEnabled":true},"in2DMode":false,"pivot":{"x":-16.564315795898439,"y":3.4944825172424318,"z":-2.5304341316223146},"rotation":{"x":-0.11872595548629761,"y":0.7168096899986267,"z":-0.12600381672382356,"w":-0.6754568815231323},"size":0.4661310911178589,"orthographic":false}