{"cameraMode":{"drawMode":0,"name":"Shaded","section":"Shading Mode"},"sceneLighting":true,"audioPlay":false,"sceneViewState":{"m_AlwaysRefresh":false,"showFog":true,"showSkybox":true,"showFlares":true,"showImageEffects":true,"showParticleSystems":true,"showVisualEffectGraphs":true,"m_FxEnabled":true},"in2DMode":false,"pivot":{"x":-50.84328842163086,"y":2.779560089111328,"z":1.5043296813964844},"rotation":{"x":0.08197428286075592,"y":0.8041901588439941,"z":-0.11414829641580582,"w":0.5775200724601746},"size":1.5669541358947755,"orthographic":false}