{"cameraMode":{"drawMode":0,"name":"Shaded","section":"Shading Mode"},"sceneLighting":true,"audioPlay":false,"sceneViewState":{"m_AlwaysRefresh":false,"showFog":true,"showSkybox":true,"showFlares":true,"showImageEffects":true,"showParticleSystems":true,"showVisualEffectGraphs":true,"m_FxEnabled":true},"in2DMode":false,"pivot":{"x":23.889930725097658,"y":0.030519962310791017,"z":-12.793601036071778},"rotation":{"x":0.15373528003692628,"y":-0.8438860774040222,"z":0.326306015253067,"w":0.39733612537384035},"size":3.9790003299713136,"orthographic":false}