{"cameraMode":{"drawMode":0,"name":"Shaded","section":"Shading Mode"},"sceneLighting":false,"audioPlay":false,"sceneViewState":{"m_AlwaysRefresh":false,"showFog":true,"showSkybox":false,"showFlares":true,"showImageEffects":true,"showParticleSystems":true,"showVisualEffectGraphs":true,"m_FxEnabled":true},"in2DMode":false,"pivot":{"x":-9.091986656188965,"y":2.5300002098083498,"z":1.4297089576721192},"rotation":{"x":0.20192532241344453,"y":0.026440059766173364,"z":-0.0054532685317099098,"w":0.9790310263633728},"size":4.722127914428711,"orthographic":false}