{"cameraMode":{"drawMode":0,"name":"Shaded","section":"Shading Mode"},"sceneLighting":true,"audioPlay":false,"sceneViewState":{"m_AlwaysRefresh":false,"showFog":true,"showSkybox":false,"showFlares":false,"showImageEffects":true,"showParticleSystems":true,"showVisualEffectGraphs":true,"m_FxEnabled":true},"in2DMode":false,"pivot":{"x":-51.712223052978519,"y":5.844759941101074,"z":-231.4392852783203},"rotation":{"x":0.30359819531440737,"y":-0.49442246556282046,"z":0.18949778378009797,"w":0.7921308279037476},"size":1.7260935306549073,"orthographic":false}