{"cameraMode":{"drawMode":0,"name":"Shaded","section":"Shading Mode"},"sceneLighting":false,"audioPlay":false,"sceneViewState":{"m_AlwaysRefresh":false,"showFog":true,"showSkybox":false,"showFlares":true,"showImageEffects":true,"showParticleSystems":true,"showVisualEffectGraphs":true,"m_FxEnabled":true},"in2DMode":false,"pivot":{"x":-2.305715322494507,"y":5.844085693359375,"z":2.676677703857422},"rotation":{"x":0.0017645079642534257,"y":0.9557622671127319,"z":-0.29408183693885805,"w":0.005734645761549473},"size":2.9105682373046877,"orthographic":false}