{"cameraMode":{"drawMode":0,"name":"Shaded","section":"Shading Mode"},"sceneLighting":false,"audioPlay":false,"sceneViewState":{"m_AlwaysRefresh":false,"showFog":true,"showSkybox":false,"showFlares":false,"showImageEffects":true,"showParticleSystems":true,"showVisualEffectGraphs":true,"m_FxEnabled":true},"in2DMode":false,"pivot":{"x":-16.496685028076173,"y":0.8114024996757507,"z":0.6254947781562805},"rotation":{"x":-0.32568567991256716,"y":-0.2786064147949219,"z":0.10113976895809174,"w":-0.8978514075279236},"size":0.40502306818962099,"orthographic":false}