{"cameraMode":{"drawMode":0,"name":"Shaded","section":"Shading Mode"},"sceneLighting":false,"audioPlay":false,"sceneViewState":{"m_AlwaysRefresh":false,"showFog":true,"showSkybox":false,"showFlares":false,"showImageEffects":true,"showParticleSystems":true,"showVisualEffectGraphs":true,"m_FxEnabled":true},"in2DMode":false,"pivot":{"x":-52.89130401611328,"y":5.150809288024902,"z":-231.72335815429688},"rotation":{"x":0.18189898133277894,"y":-0.029495570808649064,"z":0.005459783133119345,"w":0.982862651348114},"size":0.5260934829711914,"orthographic":false}