{"cameraMode":{"drawMode":0,"name":"Shaded","section":"Shading Mode"},"sceneLighting":false,"audioPlay":false,"sceneViewState":{"m_AlwaysRefresh":false,"showFog":true,"showSkybox":false,"showFlares":false,"showImageEffects":true,"showParticleSystems":true,"showVisualEffectGraphs":true,"m_FxEnabled":true},"in2DMode":false,"pivot":{"x":-12.385936737060547,"y":0.010953843593597412,"z":8.455955505371094},"rotation":{"x":0.16289573907852174,"y":-0.16199766099452973,"z":0.027124175801873208,"w":0.972876250743866},"size":1.8083226680755616,"orthographic":false}