{"cameraMode":{"drawMode":0,"name":"Shaded","section":"Shading Mode"},"sceneLighting":true,"audioPlay":false,"sceneViewState":{"m_AlwaysRefresh":false,"showFog":true,"showSkybox":false,"showFlares":true,"showImageEffects":true,"showParticleSystems":true,"showVisualEffectGraphs":true,"m_FxEnabled":true},"in2DMode":false,"pivot":{"x":-59.16059875488281,"y":4.725625514984131,"z":-4.731185436248779},"rotation":{"x":0.5320672392845154,"y":-0.0035953023470938207,"z":0.0022133199963718654,"w":0.8467755317687988},"size":10.491360664367676,"orthographic":false}