{"cameraMode":{"drawMode":0,"name":"Shaded","section":"Shading Mode"},"sceneLighting":false,"audioPlay":false,"sceneViewState":{"m_AlwaysRefresh":false,"showFog":true,"showSkybox":false,"showFlares":false,"showImageEffects":true,"showParticleSystems":true,"showVisualEffectGraphs":true,"m_FxEnabled":true},"in2DMode":false,"pivot":{"x":-0.6402045488357544,"y":2.1256861686706545,"z":-0.26717519760131838},"rotation":{"x":-0.07060684263706207,"y":0.9287777543067932,"z":-0.2391357719898224,"w":-0.27423030138015749},"size":1.7940442562103272,"orthographic":false}