{"cameraMode":{"drawMode":0,"name":"Shaded","section":"Shading Mode"},"sceneLighting":false,"audioPlay":false,"sceneViewState":{"m_AlwaysRefresh":false,"showFog":true,"showSkybox":false,"showFlares":false,"showImageEffects":true,"showParticleSystems":true,"showVisualEffectGraphs":true,"m_FxEnabled":true},"in2DMode":false,"pivot":{"x":-11.034255981445313,"y":-0.7368276715278626,"z":-10.192336082458496},"rotation":{"x":0.16289573907852174,"y":-0.16199766099452973,"z":0.027124175801873208,"w":0.972876250743866},"size":5.0240559577941898,"orthographic":false}