{"cameraMode":{"drawMode":0,"name":"Shaded","section":"Shading Mode"},"sceneLighting":true,"audioPlay":false,"sceneViewState":{"m_AlwaysRefresh":false,"showFog":true,"showSkybox":false,"showFlares":false,"showImageEffects":true,"showParticleSystems":true,"showVisualEffectGraphs":true,"m_FxEnabled":true},"in2DMode":false,"pivot":{"x":-0.16815948486328126,"y":5.31922721862793,"z":36.90401077270508},"rotation":{"x":0.25346070528030398,"y":0.47802841663360598,"z":-0.14630049467086793,"w":0.8281594514846802},"size":17.584245681762697,"orthographic":false}