{"cameraMode":{"drawMode":0,"name":"Shaded","section":"Shading Mode"},"sceneLighting":true,"audioPlay":false,"sceneViewState":{"showFog":true,"showMaterialUpdate":false,"showSkybox":true,"showFlares":true,"showImageEffects":true,"showParticleSystems":true},"in2DMode":false,"pivot":{"x":-1.8769692182540894,"y":-3.2092666625976564,"z":-4.134746551513672},"rotation":{"x":0.3599255383014679,"y":-0.03078046627342701,"z":0.011881774291396141,"w":0.93239825963974},"size":20.650358200073243,"orthographic":false}