{"cameraMode":{"drawMode":0,"name":"Shaded","section":"Shading Mode"},"sceneLighting":false,"audioPlay":false,"sceneViewState":{"showFog":true,"showMaterialUpdate":false,"showSkybox":false,"showFlares":true,"showImageEffects":true,"showParticleSystems":true},"in2DMode":false,"pivot":{"x":-0.42561817169189455,"y":0.6962742805480957,"z":-1.5445244312286378},"rotation":{"x":0.21749916672706605,"y":-0.5435299873352051,"z":0.14832070469856263,"w":0.7970384359359741},"size":2.0620338916778566,"orthographic":false}