{"cameraMode":{"drawMode":0,"name":"Shaded","section":"Shading Mode"},"sceneLighting":false,"audioPlay":false,"sceneViewState":{"showFog":true,"showMaterialUpdate":false,"showSkybox":false,"showFlares":true,"showImageEffects":true,"showParticleSystems":true},"in2DMode":false,"pivot":{"x":-1.2402939796447755,"y":1.2741141319274903,"z":-0.6198837757110596},"rotation":{"x":-0.06809520721435547,"y":0.45962050557136538,"z":-0.03537178784608841,"w":-0.8847979307174683},"size":0.8660253882408142,"orthographic":false}