{"cameraMode":{"drawMode":0,"name":"Shaded","section":"Shading Mode"},"sceneLighting":false,"audioPlay":false,"sceneViewState":{"showFog":true,"showMaterialUpdate":false,"showSkybox":false,"showFlares":true,"showImageEffects":true,"showParticleSystems":true},"in2DMode":false,"pivot":{"x":-3.247549295425415,"y":-0.5364198088645935,"z":-2.7544360160827638},"rotation":{"x":-0.18375076353549958,"y":-0.009734357707202435,"z":0.0018197090830653906,"w":-0.9829262495040894},"size":2.0707969665527345,"orthographic":false}