{"cameraMode":{"drawMode":0,"name":"Shaded","section":"Shading Mode"},"sceneLighting":false,"audioPlay":false,"sceneViewState":{"m_AlwaysRefresh":false,"showFog":true,"showSkybox":false,"showFlares":true,"showImageEffects":true,"showParticleSystems":true,"showVisualEffectGraphs":true,"m_FxEnabled":true},"in2DMode":false,"pivot":{"x":0.013702258467674256,"y":-0.10894876718521118,"z":0.8226000070571899},"rotation":{"x":-0.18477514386177064,"y":0.04008181020617485,"z":-0.007544732186943293,"w":-0.9819392561912537},"size":1.1660254001617432,"orthographic":false}