{"cameraMode":{"drawMode":0,"name":"Shaded","section":"Shading Mode"},"sceneLighting":false,"audioPlay":false,"sceneViewState":{"m_AlwaysRefresh":false,"showFog":true,"showSkybox":false,"showFlares":true,"showImageEffects":true,"showParticleSystems":true,"showVisualEffectGraphs":true,"m_FxEnabled":true},"in2DMode":false,"pivot":{"x":-29.678285598754884,"y":2.108215808868408,"z":28.832645416259767},"rotation":{"x":0.6633597612380981,"y":-0.011223438195884228,"z":0.009951132349669934,"w":0.748152494430542},"size":1.1065406799316407,"orthographic":false}