{"cameraMode":{"drawMode":0,"name":"Shaded","section":"Shading Mode"},"sceneLighting":false,"audioPlay":false,"sceneViewState":{"m_AlwaysRefresh":false,"showFog":true,"showSkybox":false,"showFlares":true,"showImageEffects":true,"showParticleSystems":true,"showVisualEffectGraphs":true,"m_FxEnabled":true},"in2DMode":false,"pivot":{"x":-0.32091259956359866,"y":1.123081922531128,"z":7.0492119789123539},"rotation":{"x":0.38914018869400027,"y":0.43262597918510439,"z":-0.21461348235607148,"w":0.7844423055648804},"size":1.2247449159622193,"orthographic":false}