{"cameraMode":{"drawMode":0,"name":"Shaded","section":"Shading Mode"},"sceneLighting":true,"audioPlay":false,"sceneViewState":{"m_AlwaysRefresh":false,"showFog":true,"showSkybox":false,"showFlares":true,"showImageEffects":true,"showParticleSystems":true,"showVisualEffectGraphs":true,"m_FxEnabled":true},"in2DMode":false,"pivot":{"x":8.799110412597657,"y":2.9589967727661135,"z":2.798921585083008},"rotation":{"x":0.6634336113929749,"y":0.0011220480082556606,"z":-0.0009951627580448986,"w":0.7482358813285828},"size":58.45746994018555,"orthographic":false}