{"cameraMode":{"drawMode":0,"name":"Shaded","section":"Shading Mode"},"sceneLighting":true,"audioPlay":false,"sceneViewState":{"m_AlwaysRefresh":false,"showFog":true,"showSkybox":false,"showFlares":true,"showImageEffects":true,"showParticleSystems":true,"showVisualEffectGraphs":true,"m_FxEnabled":true},"in2DMode":false,"pivot":{"x":2.53865909576416,"y":7.101050853729248,"z":4.556427955627441},"rotation":{"x":0.6634336113929749,"y":0.0011220480082556606,"z":-0.0009951627580448986,"w":0.7482358813285828},"size":32.10297775268555,"orthographic":false}