{"cameraMode":{"drawMode":0,"name":"Shaded","section":"Shading Mode"},"sceneLighting":false,"audioPlay":false,"sceneViewState":{"m_AlwaysRefresh":false,"showFog":true,"showSkybox":false,"showFlares":false,"showImageEffects":true,"showParticleSystems":true,"showVisualEffectGraphs":true,"m_FxEnabled":true},"in2DMode":false,"pivot":{"x":10.746054649353028,"y":-1.026145577430725,"z":10.593698501586914},"rotation":{"x":0.16289573907852174,"y":-0.16199766099452973,"z":0.027124175801873208,"w":0.972876250743866},"size":6.390618324279785,"orthographic":false}